{
    "Attractions-01.jpg": "Attractions-01.webp",
    "Attractions-03.jpg": "Attractions-03.webp",
    "Attractions-04.jpg": "Attractions-04.webp",
    "Attractions-05.jpg": "Attractions-05.webp",
    "Attractions-06.jpg": "Attractions-06.webp",
    "Attractions-08.jpg": "Attractions-08.webp",
    "Attractions-09.jpg": "Attractions-09.webp",
    "Attractions-11.jpg": "Attractions-11.webp",
    "Attractions-17.jpg": "Attractions-17.webp",
    "Attractions-18.jpg": "Attractions-18.webp",
    "Brand%20Guidelines%20JG_page-0007%202.png": "Brand%20Guidelines%20JG_page-0007%202.webp",
    "Brand%20Guidelines%20JG_page-0007%203.png": "Brand%20Guidelines%20JG_page-0007%203.webp",
    "Group 1000004165.png": "Group 1000004165.webp",
    "Home page images Guide.jpg": "Home page images Guide.webp",
    "Home page images-01.jpg": "Home page images-01.webp",
    "Home page images-02.jpg": "Home page images-02.webp",
    "Home page images-03.jpg": "Home page images-03.webp",
    "Home page images-04.jpg": "Home page images-04.webp",
    "Home page images-05.jpg": "Home page images-05.webp",
    "Home page images-06.jpg": "Home page images-06.webp",
    "Home page images-07.jpg": "Home page images-07.webp",
    "Home page images-08.jpg": "Home page images-08.webp",
    "Home page images-09.jpg": "Home page images-09.webp",
    "Home page images-10.jpg": "Home page images-10.webp",
    "Home page images-11.jpg": "Home page images-11.webp",
    "Home page images-12.jpg": "Home page images-12.webp",
    "Home page images-14.jpg": "Home page images-14.webp",
    "Home page images-15.jpg": "Home page images-15.webp",
    "Home page images-16.jpg": "Home page images-16.webp",
    "Home page images-17.jpg": "Home page images-17.webp",
    "Home page images-18.jpg": "Home page images-18.webp",
    "Home page images-19.jpg": "Home page images-19.webp",
    "JM_Bannerf-02.jpg": "JM_Bannerf-02.webp",
    "JM_Bannerf-03.jpg": "JM_Bannerf-03.webp",
    "JM_Bannerf-04.jpg": "JM_Bannerf-04.webp",
    "Jumpingo MAP.jpg": "Jumpingo MAP.webp",
    "logo.png": "logo.webp",
    "pexels-scottwebb-136412.png.jpeg": "pexels-scottwebb-136412.png.webp",
    "pexels-timo-47995-2219318.png.jpeg": "pexels-timo-47995-2219318.png.webp",
    "pexels-vlasceanu-1403653.png": "pexels-vlasceanu-1403653.webp",
    "small_logo.png": "small_logo.webp",
    "A-Maze/A-Maze_1.jpg": "A-Maze/A-Maze_1.webp",
    "A-Maze/A-Maze_2.jpg": "A-Maze/A-Maze_2.webp",
    "A-Maze/A-Maze_3.jpg": "A-Maze/A-Maze_3.webp",
    "images/JM_Bannerf-03.jpg": "images/JM_Bannerf-03.webp",
    "images/JM_Bannerf-04.jpg": "images/JM_Bannerf-04.webp",
    "images/design-mode/Brand%20Guidelines%20JG_page-0007%202.png": "images/design-mode/Brand%20Guidelines%20JG_page-0007%202.webp",
    "images/design-mode/Brand%20Guidelines%20JG_page-0007%203.png": "images/design-mode/Brand%20Guidelines%20JG_page-0007%203.webp",
    "images/design-mode/pexels-scottwebb-136412.png.jpeg": "images/design-mode/pexels-scottwebb-136412.png.webp",
    "images/design-mode/pexels-timo-47995-2219318.png.jpeg": "images/design-mode/pexels-timo-47995-2219318.png.webp",
    "JUMP X/JUMP X_1.jpg": "JUMP X/JUMP X_1.webp",
    "JUMP X/JUMP X_2.jpg": "JUMP X/JUMP X_2.webp",
    "JUMP X/JUMP X_3.jpg": "JUMP X/JUMP X_3.webp",
    "Sky Slide/Sky Slide_1.jpg": "Sky Slide/Sky Slide_1.webp",
    "Sky Slide/Sky Slide_2.jpg": "Sky Slide/Sky Slide_2.webp",
    "Sky Slide/Sky Slide_3.jpg": "Sky Slide/Sky Slide_3.webp",
    "The Castle/The Castle_1.jpg": "The Castle/The Castle_1.webp",
    "The Castle/The Castle_2.jpg": "The Castle/The Castle_2.webp",
    "The Castle/The Castle_3.jpg": "The Castle/The Castle_3.webp",
    "The HIVE/The HIVE_1.jpg": "The HIVE/The HIVE_1.webp",
    "The HIVE/The HIVE_2.jpg": "The HIVE/The HIVE_2.webp",
    "The HIVE/The HIVE_3.jpg": "The HIVE/The HIVE_3.webp",
    "Turbo Trail/Turbo Trail_1.jpg": "Turbo Trail/Turbo Trail_1.webp",
    "Turbo Trail/Turbo Trail_2.jpg": "Turbo Trail/Turbo Trail_2.webp",
    "Turbo Trail/Turbo Trail_3.jpg": "Turbo Trail/Turbo Trail_3.webp"
}